passengerId,numberOfFlights,firstName,lastName
2068,32,Yolande,Pete
1677,27,Katherina,Vasiliki
4827,27,Jaime,Renay
3173,26,Sunshine,Scott
8961,26,Ginny,Clara
2857,25,Son,Ginette
760,25,Vernia,Mui
8363,25,Branda,Kimiko
5096,25,Blythe,Hyon
288,25,Pamila,Mavis
5867,25,Luise,Raymond
6084,25,Cole,Sharyl
917,25,Anisha,Alaine
1343,24,Bennett,Staci
1240,24,Catherine,Missy
2441,24,Kayla,Rufus
5668,24,Gladis,Earlene
3367,24,Priscilla,Corie
8353,23,Davis,Williams
2717,23,Shannon,Marlyn
1598,23,Amelia,Betsey
3405,23,Johna,Ollie
3093,23,Theda,Rodrick
1673,23,Jeanie,Gladis
3590,23,Isiah,Tyler
7643,23,Albina,Joni
2251,23,Gussie,Temple
4056,23,Dagmar,Marilee
8411,23,Juliann,Cheryll
1337,23,Kirby,Melvin
9441,23,Annalisa,Luanna
613,23,Palmer,Yuonne
366,23,Carman,Meghan
281,23,Sage,Fernanda
5332,23,Bobette,Laurice
211,23,Lori,Jeremiah
167,22,Mona,Kassandra
2939,22,Jaleesa,Clement
4034,22,Thalia,Maurice
9252,22,Angella,Margret
6447,22,Brigitte,Jodie
258,22,Emmaline,Marcelle
1769,22,Lisha,Delmer
5490,22,Toni,Winnifred
2437,22,Charlyn,Wynona
4611,22,Cristi,Eugenia
392,22,Cory,Ebonie
3180,22,Yvette,Peter
391,22,Carolynn,Enola
7162,22,Alfonso,Dinah
3078,22,Laquita,Kate
1413,22,Carlee,Timmy
350,22,Annemarie,Nilsa
5423,22,Sirena,Nigel
798,22,Ramiro,Terisa
739,22,Sadye,Rhea
6777,21,Tamara,Terresa
2926,21,Vicky,Patrica
2185,21,Rae,Chas
5007,21,Laticia,Katherine
5416,21,Chin,Claretta
4552,21,Mayme,Luvenia
4632,21,Jacklyn,Christia
364,21,Donya,Stephan
6060,21,Delisa,Elisha
1651,21,Alex,Annabelle
4249,21,Chi,Valeri
5560,21,Lang,Johnie
4502,21,Thea,Yolando
9540,21,Rhoda,Gavin
3112,21,Madie,Winona
3332,21,Kiara,Donnie
435,21,Tiffani,Frances
2516,21,Tamar,Claretta
905,21,Terrie,Gisela
1464,21,Margherita,Arica
1982,21,Izetta,Marjorie
437,21,Kelli,Roger
4399,21,Kevin,Nicole
2254,21,Angelina,Gracia
763,21,Will,Chanelle
848,21,Marya,Eliana
1581,21,Marx,Artie
398,21,Mario,Trinh
662,20,Aliza,Iesha
5942,20,Eddie,Ione
3309,20,Ellen,Trang
3589,20,Lee,Ben
649,20,Doreen,Raymond
157,20,Eldon,Kareen
859,20,Eilene,Velvet
368,20,Bart,Naomi
7590,20,Christiane,Shanna
9822,20,Carl,Ima
1246,20,Shaquita,Evon
2378,20,Berenice,Eladia
2544,20,Annamae,Marva
2511,20,Verona,Bobbie
4335,20,Teresia,Major
1617,20,Cody,Lashell
